# escritura	id  —  ids de las palabras importadas de las listas JLPT.
#
# Este fichero existe porque los ids importados salían de un contador y
# cambiaban en cuanto cambiaba qué se importa. Y como las unidades y las
# correcciones van POR ID, una palabra podía quedarse con la ficha de otra
# (102817 pasó de よろしく a 塵 al retocar una glosa inglesa).
#
# Es de sólo añadir: una línea que ya está no se toca nunca.
escritura	id
現像	100000
原則	100001
見地	100002
現地	100003
限定	100004
原点	100005
原典	100006
原爆	100007
原文	100008
厳密	100009
賢明	100010
倹約	100011
原油	100012
兼用	100013
権力	100014
言論	100015
故～	100016
語彙	100017
恋する	100018
甲	100019
好意	100021
行為	100022
合意	100023
工学	100024
抗議	100025
合議	100026
皇居	100027
好況	100028
鉱業	100029
興業	100030
高原	100031
交互	100032
煌々と	100033
考古学	100034
工作	100035
耕作	100036
鉱山	100037
講習	100038
口述	100039
控除	100040
交渉	100041
高尚	100042
向上	100043
行進	100044
香辛料	100045
降水	100046
洪水	100047
合成	100048
公然	100049
抗争	100050
構想	100051
後退	100052
光沢	100053
公団	100054
好調	100055
口頭	100056
講読	100057
購読	100058
購入	100059
公認	100060
光熱費	100061
購買	100062
好評	100063
交付	100064
公募	100065
巧妙	100066
公用	100067
小売	100068
効率	100069
公立	100070
護衛	100071
コーナー	100072
小柄	100073
小切手	100074
国産	100075
国定	100076
告白	100077
国防	100078
国有	100079
極楽	100080
国連	100081
焦げ茶	100082
語源	100083
心地	100084
心得	100085
心掛け	100086
心掛ける	100087
志	100088
志す	100089
心強い	100090
心細い	100091
試み	100092
試みる	100093
快い	100094
誤差	100095
ございます (かん)	100096
孤児	100097
こじれる	100098
こす (みずを～)	100099
梢	100100
個性	100101
戸籍	100102
古代	100103
こたつ	100104
こだわる	100105
誇張	100106
こつ (をつかむ)	100107
滑稽	100108
国交	100109
骨董品	100110
固定	100111
事柄	100112
孤独	100113
ことごとく	100114
言付け	100115
殊に	100116
粉々	100117
好ましい	100118
碁盤	100119
個別	100120
ごまかす	100121
細やか	100122
コマーシャル	100123
込める	100124
コメント	100125
籠もる	100126
固有	100127
暦	100128
凝らす	100129
ごらんなさい (かん)	100130
孤立	100131
懲りる	100132
凝る	100133
根気	100134
根拠	100135
混血	100136
コンタクト (レンズ)	100137
昆虫	100138
根底	100139
混同	100140
コントラスト	100141
コントロール	100142
コンパス	100143
根本	100144
財	100145
再会	100146
災害	100147
細菌	100148
細工	100149
採掘	100150
サイクル	100151
採決	100152
再建	100153
再現	100154
財源	100155
在庫	100156
採算	100157
サイズ	100158
再生	100159
財政	100160
最善	100161
採択	100162
栽培	100163
再発	100164
細胞	100165
採用	100166
遮る	100167
さえずる	100168
冴える	100169
竿	100170
栄える	100171
差額	100172
～杯	100173
逆立ち	100174
さきに (いぜん)	100175
詐欺	100176
削減	100177
錯誤	100178
作戦	100179
叫び	100180
捧げる	100181
差し掛かる	100182
指図	100183
差し出す	100184
差し支える	100185
授ける	100186
摩する	100187
さぞ (さぞや。さぞかし)	100188
定まる	100189
定める	100190
座談会	100191
雑	100192
雑貨	100193
殺人	100194
察する	100195
雑談	100196
さっと	100197
さっぱりする	100198
悟る	100199
座標	100200
さほど	100201
サボる	100202
寒気	100203
侍	100204
さも	100205
作用	100206
さらう (こどもを～)	100207
障る	100208
酸	100209
山岳	100210
参議院	100211
産休	100212
サンキュー	100213
残金	100214
産後	100215
残酷	100216
産出	100217
参照	100218
参上	100219
残高	100220
サンタクロース	100221
桟橋	100222
賛美	100223
山腹	100224
産婦人科	100225
産物	100226
山脈	100227
仕上がり	100228
仕上	100229
仕上げる	100230
飼育	100231
強いて	100232
シート	100233
ジーパン	100234
仕入れる	100235
強いる	100236
潮	100237
歯科	100238
自我	100239
自覚	100240
仕掛	100241
仕掛ける	100242
しかしながら	100243
色彩	100244
式場	100245
しきたり	100246
事業	100247
軽蔑	100248
経歴	100249
経路	100250
けがらわしい	100251
劇団	100252
激励	100253
ゲスト	100254
獣	100255
決	100256
決意	100257
結核	100258
決議	100259
結合	100260
決算	100261
月謝	100262
決勝	100263
結晶	100264
結成	100265
結束	100266
げっそり	100267
決断	100268
月賦	100269
欠乏	100270
蹴飛ばす	100271
けなす	100272
煙たい	100273
煙る	100274
家来	100275
下痢	100276
権威	100277
兼業	100278
原形	100279
原型	100280
権限	100281
現行	100282
健在	100283
原作	100284
検事	100285
原子	100286
元首	100287
原書	100288
懸賞	100289
健全	100290
元素	100291
同調	100292
到底	100293
動的	100294
尊い	100295
同等	100297
堂々	100298
尊ぶ	100299
どうにか	100300
投入	100301
導入	100302
当人	100303
同封	100304
逃亡	100305
冬眠	100306
同盟	100307
どうやら	100308
動力	100309
登録	100310
討論	100311
遠ざかる	100312
遠回り	100313
トーン	100314
とかく	100315
とがめる	100316
時折	100317
とぎれる	100318
研ぐ	100319
特技	100320
独裁	100321
特産	100322
独自	100323
特集	100324
独占	100325
独創	100326
得点	100327
特派	100328
特有	100329
とげ (をさす)	100330
遂げる	100331
～どころか	100332
年頃	100333
戸締り	100334
途上	100335
土台	100336
途絶える	100337
特許	100338
特権	100339
とっさに	100340
突如	100341
とって	100342
突破	100343
土手	100344
届	100345
滞る	100346
整える	100347
唱える	100348
殿様	100349
土俵	100350
扉	100351
溝	100352
徒歩	100353
土木	100354
とぼける	100355
乏しい	100356
富	100357
富む	100358
共稼ぎ	100359
伴う	100360
共働き	100361
ドライ	100362
ドライクリーニング	100363
ドライバー	100364
ドライブイン	100365
トラブル	100366
トランジスター	100367
とりあえず	100368
取扱	100369
取り扱う	100370
鳥居	100371
取り替え	100372
取り組む	100373
取締り	100374
取り締まる	100375
取り調べる	100376
取り立てる	100377
取り次ぐ	100378
取り付ける	100379
取り除く	100380
取引	100381
取り巻く	100382
取り混ぜる	100383
取り戻す	100384
取り寄せる	100385
ドリル	100386
とろける	100387
鈍感	100388
とんだ	100389
度忘れ	100390
問屋	100391
内閣	100392
乃至	100393
内緒	100394
内心	100395
内蔵	100396
ナイター	100397
内部	100398
内乱	100399
内陸	100400
苗	100401
なおさら	100402
流し	100403
長々	100404
中程	100405
渚	100406
嘆く	100407
投げ出す	100408
仲人	100409
和やか	100410
名残	100411
情け	100412
情無い	100413
情深い	100414
詰る	100415
名高い	100416
雪崩	100417
懐く	100418
名付ける	100419
何気ない	100420
なにとぞ	100421
なにより	100422
ナプキン	100423
名札	100424
生臭い	100425
生温い	100426
生身	100427
鉛	100428
滑らか	100429
嘗める	100430
悩ましい	100431
悩ます	100432
悩み	100433
並びに	100434
成り立つ	100435
なるたけ	100436
慣れ	100437
馴々しい	100438
～なんか	100439
ナンセンス	100440
何だか	100441
なんだかんだ	100442
なんなり	100443
荷	100444
似通う	100445
にきび	100446
賑わう	100447
憎しみ	100448
肉親	100449
肉体	100450
逃げ出す	100451
西日	100452
滲む	100453
にせ物	100454
日夜	100455
荷造り	100456
担う	100457
鈍る	100458
にも関わらず	100459
ニュアンス	100460
ニュー	100461
入手	100462
入賞	100463
入浴	100464
尿	100465
認識	100466
妊娠	100467
任務	100468
任命	100469
抜かす	100470
抜け出す	100471
主	100472
沼	100473
音色	100474
値打ち	100475
ネガ	100476
寝かせる	100477
ねじまわし	100478
捩れる	100479
妬む	100480
ねだる	100481
熱意	100482
熱湯	100483
熱量	100484
粘り	100485
粘る	100486
値引き	100487
根回し	100488
眠たい	100489
練る	100490
念	100491
年賀	100492
念願	100493
年号	100494
燃焼	100495
年長	100496
燃料	100497
年輪	100498
ノイローゼ	100499
農耕	100500
農場	100501
農地	100502
納入	100503
逃す	100504
逃れる	100505
軒並	100506
望ましい	100507
乗っ取る	100508
のどか	100509
罵る	100510
延べ	100511
飲み込む	100512
乗り込む	100513
刃	100514
～派	100515
バー	100516
把握	100517
パート	100518
廃棄	100519
配給	100520
ばい菌	100521
配偶者	100522
拝啓	100523
背景	100524
背後	100525
廃止	100526
拝借	100527
排除	100528
賠償	100529
排水	100530
敗戦	100531
配置	100532
配布	100533
配分	100534
敗北	100535
倍率	100536
配慮	100537
配列	100538
破壊	100539
いたわる	100540
一概に	100541
著しい	100542
一同	100543
一部分	100544
一別	100545
一面	100546
一目	100547
一様	100548
一律	100549
一連	100550
一括	100551
一気	100552
一挙に	100553
一見	100554
一切	100555
一心	100556
いっそ	100557
一変	100558
意図	100559
営む	100560
挑む	100561
稲光	100562
祈り	100563
いびき	100564
今更	100565
移民	100566
嫌々	100567
卑しい	100568
いやに	100569
いやらしい	100570
意欲	100571
威力	100572
衣類	100573
異論	100574
印鑑	100575
陰気	100576
隠居	100577
インターチェンジ	100578
インターナショナル	100579
インターフォン	100580
インテリ	100581
インフォメーション	100582
インフレ	100583
受かる	100584
受け入れ	100585
受け入れる	100586
受け継ぐ	100587
受け付ける	100588
受け止める	100589
受身	100590
受持ち	100591
動き	100592
嘘つき	100593
うたた寝	100594
打ち明ける	100595
打ち切る	100596
打ち消し	100597
打ち込む	100598
団扇	100599
内訳	100600
写し	100601
訴え	100602
うっとうしい	100603
うつむく	100604
空ろ	100605
腕前	100606
雨天	100607
促す	100608
うぬぼれ	100609
生まれつき	100610
埋め込む	100611
梅干し	100612
裏返し	100613
売り出し	100614
売り出す	100615
潤う	100616
浮気	100617
上回る	100618
植わる	100619
運営	100620
うんざり	100621
運送	100622
運賃	100623
云々	100624
運搬	100625
運命	100626
運輸	100627
運用	100628
エアメール	100629
～営	100630
英字	100631
映写	100632
映像	100633
英雄	100634
液	100635
閲覧	100636
獲物	100637
襟	100638
エレガント	100639
円滑	100640
縁側	100641
沿岸	100642
婉曲	100643
演出	100644
エンジニア	100645
演じる	100646
演ずる	100647
沿線	100648
縁談	100649
遠方	100650
円満	100651
追い込む	100652
追い出す	100653
於いて	100654
老いる	100655
応急	100656
黄金	100657
往診	100658
応募	100659
おおい (かん)	100660
大方	100661
大柄	100662
おおげさ	100663
大筋	100664
大空	100665
オートマチック	100666
大幅	100667
おおまかな	100668
大水	100669
公	100670
犯す	100671
侵す	100672
臆病	100673
遅らす	100674
厳か	100675
行い	100676
おごる (ゆうしょくを～)	100677
収まる	100678
治まる	100680
お産	100681
押し切る	100682
押し込む	100683
惜しむ	100684
押し寄せる	100685
雄	100686
御世辞	100687
襲う	100688
遅くとも	100689
恐れ	100690
恐れ入る	100691
おだてる	100692
落ち込む	100693
落ち着き	100694
落葉	100695
乙	100696
お使い	100697
おっかない	100698
お手上げ	100699
おどおど	100700
脅す	100701
訪れる	100702
お供	100703
衰える	100704
同い年	100705
自ずから	100706
怯える	100707
おびただしい	100708
帯びる	100710
お袋	100711
覚え	100712
おまけ	100713
お宮	100714
おむつ	100715
思い付き	100716
趣	100717
赴く	100718
重んじる	100719
重んずる	100720
親父	100721
及び	100722
及ぶ	100723
折	100724
檻	100725
オリエンテーション	100726
折り返す	100727
織物	100728
俺	100729
愚か	100730
おろそか	100731
おんぶ	100732
オンライン	100733
温和	100734
カーペット	100735
～界	100736
改悪	100738
海運	100739
外貨	100740
改革	100741
貝殻	100742
外観	100743
階級	100744
海峡	100745
会見	100746
介護	100747
開催	100748
回収	100749
改修	100750
怪獣	100751
解除	100752
外相	100753
害する	100754
概説	100755
回送	100756
階層	100757
開拓	100758
会談	100759
改定	100760
改訂	100761
ガイド	100762
街道	100763
該当	100764
街頭	100765
ガイドブック	100766
介入	100767
概念	100768
開発	100769
海抜	100770
介抱	100771
解剖	100772
外来	100773
回覧	100774
概略	100775
海流	100776
改良	100777
回路	100778
海路	100779
省みる	100780
顧みる	100781
顔付き	100782
課外	100783
掲げる	100784
かかと	100785
書き取る	100786
掻き回す	100787
かく (はじを)	100788
学芸	100790
格差	100791
拡散	100792
学士	100793
各種	100794
隔週	100795
確信	100796
革新	100797
学説	100798
確定	100799
カクテル	100800
獲得	100801
楽譜	100802
確保	100803
革命	100804
確立	100805
賭	100806
掛～	100807
～掛け	100808
崖	100809
駆け足	100810
家計	100811
駆けっこ	100812
加工	100813
化合	100814
かさばる	100815
かさむ	100816
箇条書	100817
微か	100818
霞む	100819
火星	100820
化石	100821
河川	100822
化繊	100823
過疎	100824
片～	100825
片言	100826
傾ける	100827
固める	100828
傍ら	100829
花壇	100830
家畜	100831
且つ	100832
がっくり	100833
合唱	100834
がっしり	100835
合致	100836
がっちり	100837
かつて	100838
勝手	100839
カット	100840
活発	100841
合併	100842
カテゴリー	100843
叶う	100844
叶える	100845
金槌	100846
かなわない	100847
加入	100848
予て	100849
庇う	100850
株式	100851
かぶれる	100852
花粉	100853
貨幣	100854
構える	100855
過密	100856
噛み切る	100857
カムバック	100858
カメラマン	100859
粥	100860
体付き	100861
絡む	100862
かりに	100863
カルテ	100864
ガレージ	100865
過労	100866
かろうじて	100867
交す	100868
代る代る	100869
簡易	100870
灌漑	100871
眼科	100872
眼球	100873
玩具	100874
簡潔	100875
還元	100876
看護	100877
漢語	100878
頑固	100879
勧告	100880
換算	100881
監視	100882
慣習	100883
観衆	100884
願書	100885
干渉	100886
頑丈	100887
感触	100888
肝心	100889
関税	100891
岩石	100892
感染	100893
幹線	100894
簡素	100895
観点	100896
感度	100897
カンニング	100898
元年	100899
幹部	100900
完ぺき	100901
勘弁	100902
感無量	100903
勧誘	100904
関与	100905
寛容	100906
元来	100907
観覧	100908
慣例	100909
還暦	100910
貫禄	100911
緩和	100912
議案	100913
危害	100914
企画	100915
規格	100916
着飾る	100917
気兼ね	100918
気軽	100919
危機	100920
聞き取り	100921
効き目	100922
帰京	100923
戯曲	100924
基金	100925
喜劇	100926
議決	100927
棄権	100928
既婚	100929
気障	100930
記載	100931
気質	100932
期日	100933
きしむ	100934
議事堂	100935
記述	100936
気象	100937
傷付く	100938
傷付ける	100939
犠牲	100940
汽船	100941
寄贈	100942
偽造	100943
貴族	100944
議題	100945
鍛える	100946
気立て	100947
きちっと	100948
几帳面	100949
きっかり	100950
きっちり	100951
きっぱり	100952
規定	100953
起点	100954
軌道	100955
技能	100956
規範	100957
気品	100958
気風	100959
起伏	100960
規模	100961
気まぐれ	100962
生真面目	100963
期末	100964
きまりわるい	100965
記名	100966
規約	100967
脚色	100968
逆転	100969
脚本	100970
華奢	100971
客観	100972
キャッチ	100973
キャリア	100974
救援	100975
休学	100976
究極	100977
窮屈	100978
球根	100979
救済	100980
給仕	100981
給食	100982
休戦	100983
宮殿	100984
旧知	100985
窮乏	100986
寄与	100987
強	100988
～狂	100989
驚異	100990
教科	100991
協会	100992
共学	100993
共感	100994
境遇	100995
教訓	100996
強行	100997
強硬	100998
教材	100999
凶作	101000
業者	101001
教習	101002
郷愁	101003
教職	101004
興じる	101005
強制	101006
行政	101007
業績	101008
共存	101009
協定	101010
郷土	101011
脅迫	101012
業務	101013
共鳴	101014
郷里	101015
強烈	101016
共和	101017
局限	101018
極端	101019
居住	101020
拒絶	101021
漁船	101022
漁村	101023
拒否	101024
許容	101025
清らか	101026
きらびやか	101027
義理	101029
切替	101030
気流	101031
切れ目	101032
疑惑	101033
極めて	101034
近眼	101035
緊急	101036
近郊	101037
均衡	101038
禁じる	101039
勤勉	101040
吟味	101041
勤務	101042
禁物	101043
勤労	101044
クイズ	101045
食い違う	101046
空間	101047
空腹	101048
区画	101049
区間	101050
茎	101051
区切り	101052
くぐる	101053
くじ (～をひく)	101054
くじびき	101055
くすぐったい	101056
愚痴	101057
口吟む	101058
嘴	101059
朽ちる	101060
覆す	101061
くっきり	101062
屈折	101063
ぐっと	101064
首飾り	101065
首輪	101066
組み込む	101067
組み合わせる	101068
蔵	101069
グレー	101070
クレーン	101071
玄人	101072
黒字	101073
軍艦	101074
軍事	101075
君主	101076
群集	101077
軍備	101079
軍服	101080
芸	101081
経過	101082
軽快	101083
警戒	101084
敬具	101085
軽減	101086
掲載	101087
傾斜	101088
形成	101089
形勢	101090
軽率	101091
刑罰	101092
経費	101093
警部	101094
転換	101095
転居	101096
転勤	101097
点検	101098
電源	101099
天国	101100
天才	101101
天災	101102
展示	101103
伝説	101104
点線	101105
転じる	101106
転ずる	101107
天体	101108
伝達	101109
天地	101110
てんで	101111
転任	101112
展望	101113
伝来	101114
転落	101115
問い合わせる	101116
当～	101117
胴	101118
同意	101119
動員	101120
同感	101121
陶器	101122
討議	101123
動機	101124
等級	101125
同級	101126
同居	101127
登校	101128
統合	101129
動向	101130
投資	101131
同情	101132
道場	101133
統制	101134
当選	101135
逃走	101136
統率	101137
到達	101138
統治	101139
仕切る	101140
資金	101141
軸	101142
しくじる	101143
仕組	101144
死刑	101145
湿気る	101146
施行	101147
思考	101148
志向	101149
嗜好	101150
事項	101151
時刻表	101152
地獄	101153
時差	101154
自在	101155
視察	101156
資産	101157
支持	101158
自主	101159
自首	101160
刺繍	101161
辞職	101162
雫	101163
システム	101164
沈める	101165
施設	101166
事前	101167
子息	101168
持続	101169
自尊心	101170
慕う	101171
下心	101172
下地	101173
親しむ	101174
下調べ	101175
愛想	101176
間柄	101177
合間	101178
敢えて	101179
仰ぐ	101180
垢	101181
赤字	101182
明かす	101183
赤らむ	101184
上がり	101185
諦め	101186
アクセル	101187
あくどい	101188
顎	101189
憧れ	101190
麻	101191
あざ	101192
浅ましい	101193
欺く	101194
鮮やか	101195
嘲笑う	101196
悪しからず	101197
味わい	101198
焦る	101199
あせる (こえが～)	101200
値する	101201
悪化	101202
扱い	101203
呆気ない	101204
あっさり	101205
斡旋	101206
圧倒	101207
圧迫	101208
あつらえる	101209
圧力	101210
当て	101211
～宛	101212
当て字	101213
跡継ぎ	101214
後回し	101215
油絵	101216
アプローチ	101217
あべこべ	101218
甘える	101219
雨具	101220
甘口	101221
アマチュア	101222
網	101223
操る	101224
危ぶむ	101225
あやふや	101226
過ち	101227
誤る	101228
歩み	101229
歩む	101230
予め	101231
荒らす	101232
争い	101233
改まる	101234
荒っぽい	101235
アラブ	101236
霰	101237
有り様	101238
ありのまま	101239
ありふれる	101240
アルカリ	101241
アルミ	101242
アワー	101243
合わす	101244
～合せ	101245
アンコール	101246
暗殺	101247
暗算	101248
暗示	101249
案じる	101250
安静	101251
案の定	101252
いい加減	101253
言い訳	101254
イェス	101255
家出	101256
生かす	101257
いかに	101258
いかにも	101259
異議	101260
生き甲斐	101261
行き違い	101262
意気込む	101263
育成	101264
幾多	101265
(花を〜) 生ける, 活ける	101266
異見	101267
意向	101268
移行	101269
いざ	101270
移住	101271
衣装	101272
いじる	101273
異性	101274
遺跡	101275
依存	101276
委託	101277
いたって	101278
出世	101279
出題	101280
出動	101281
出費	101282
出品	101283
主導	101284
主任	101285
首脳	101286
守備	101287
手法	101288
樹木	101289
樹立	101290
準急	101291
準じる	101292
～署	101293
～症	101294
～証	101295
～嬢	101296
上位	101297
上演	101298
城下	101299
消去	101300
上空	101301
衝撃	101302
証言	101303
証拠	101304
照合	101305
詳細	101306
上昇	101307
昇進	101308
称する	101309
情勢	101310
消息	101311
承諾	101312
情緒	101313
象徴	101314
小児科	101315
使用人	101316
情熱	101317
譲歩	101318
条約	101319
勝利	101320
上陸	101321
蒸溜	101322
奨励	101323
ショー	101324
除外	101325
職員	101326
植民地	101327
職務	101328
諸君	101329
助言	101330
徐行	101331
所在	101332
所持	101333
所属	101334
処置	101335
しょっちゅう	101336
所定	101337
所得	101338
処罰	101339
初版	101340
書評	101341
処分	101342
庶民	101343
庶務	101344
所有	101345
調べ	101346
自立	101347
記す	101348
指令	101349
陣	101351
進化	101352
人格	101353
審議	101354
新婚	101355
審査	101356
人材	101357
紳士	101358
真実	101359
信者	101360
真珠	101361
進出	101362
心情	101363
新人	101364
神聖	101365
親善	101366
真相	101367
迅速	101368
人体	101369
新築	101370
心中	101371
進呈	101372
進展	101373
神殿	101374
進度	101375
振動	101376
新入生	101377
信任	101378
神秘	101379
辛抱	101380
人民	101381
侵略	101382
診療	101383
粋	101384
水源	101385
推進	101386
吹奏	101387
推測	101388
水田	101389
推理	101390
数詞	101391
崇拝	101392
据え付ける	101393
据える	101394
すがすがしい	101395
救い	101396
すくう (みずを～)	101397
健やか	101398
濯ぐ	101399
進み	101400
裾	101401
スタジオ	101402
スチーム	101403
ストライキ	101404
スト	101405
ストロー	101406
ストロボ	101407
すばしこい	101408
素早い	101409
ずばり	101410
スプリング	101411
スペース	101412
ずぶぬれ	101413
スポーツカー	101414
澄ます	101415
済ます	101417
すみやか	101418
スラックス	101419
ずらっと	101420
ずるずる	101421
ずれ	101422
すれちがい	101423
擦れる	101424
すんなり	101425
生育	101426
成果	101428
正解	101429
正義	101430
生計	101431
政権	101432
星座	101433
制裁	101434
政策	101435
生死	101436
静止	101437
誠実	101438
成熟	101439
青春	101440
清純	101441
聖書	101442
正常	101443
制する	101444
整然	101445
盛装	101446
盛大	101447
清濁	101448
制定	101449
静的	101450
製鉄	101451
晴天	101452
正当	101453
制服	101454
征服	101455
製法	101456
精密	101457
税務署	101458
制約	101459
勢力	101460
整列	101461
セール	101462
急かす	101463
伜	101464
責務	101465
セクション	101466
世辞	101467
世帯	101468
是正	101469
世代	101470
切開	101471
セックス	101472
切実	101473
接触	101474
接続詞	101475
設置	101476
折衷	101477
設定	101478
説得	101479
切ない	101480
絶版	101481
設立	101482
攻め	101483
ゼリー	101484
セレモニー	101485
世論	101486
繊維	101487
全快	101488
宣教	101489
宣言	101490
戦災	101491
専修	101492
戦術	101493
センス	101494
潜水	101495
全盛	101496
先代	101497
先だって	101498
先着	101499
前提	101500
先天的	101501
前途	101502
戦闘	101503
潜入	101504
船舶	101505
全滅	101506
専用	101507
占領	101508
善良	101509
戦力	101510
前例	101511
相応	101512
総会	101513
創刊	101514
雑木	101515
早急	101516
増強	101517
送金	101518
走行	101519
総合	101520
捜索	101521
蔵相	101522
装飾	101523
増進	101524
相対	101525
壮大	101526
騒動	101527
遭難	101528
相場	101529
装備	101530
創立	101531
添える	101532
ソース	101533
即座に	101534
促進	101535
即する	101536
束縛	101537
側面	101538
損う	101539
そこら	101540
素材	101541
阻止	101542
訴訟	101543
育ち	101544
措置	101545
ソックス	101546
素っ気無い	101547
外方	101548
備え付ける	101549
備わる	101550
聳える	101552
素朴	101553
背く	101554
染まる	101555
染める	101556
そらす	101557
そり (～にのる)	101558
それゆえ	101559
ソロ	101560
揃い	101561
ぞんざい	101562
損失	101563
存続	101564
ダース	101565
対応	101566
退化	101567
大概	101568
体格	101569
大金	101570
待遇	101571
対決	101572
体験	101573
対抗	101574
退治	101575
大衆	101576
対処	101577
退職	101578
題する	101579
態勢	101580
対談	101581
大胆	101582
対等	101583
台無し	101584
滞納	101585
対比	101586
タイピスト	101587
大部	101588
大便	101589
代弁	101590
待望	101591
台本	101592
タイマー	101593
怠慢	101594
タイミング	101595
タイム	101596
タイムリー	101597
対面	101598
代用	101599
体力	101600
タイル	101601
対話	101602
耐える	101603
絶える	101605
断える	101606
打開	101607
焚火	101608
妥協	101609
たくましい	101610
巧み	101611
丈	101612
打撃	101613
妥結	101614
駄作	101615
足し算	101616
多数決	101617
助け	101618
携わる	101619
漂う	101620
立ち去る	101621
立ち寄る	101622
抱っこ	101623
達者	101624
脱出	101625
脱する	101626
達成	101627
脱退	101628
だったら	101629
立て替える	101630
建前	101631
奉る	101632
だと	101633
他動詞	101634
辿り着く	101635
辿る	101636
束ねる	101637
だぶだぶ	101638
他方	101639
多忙	101640
給う	101641
魂	101642
溜まり	101643
賜る	101644
保つ	101645
たやすい	101646
多様	101647
だるい	101648
弛み	101649
弛む	101650
垂れる	101651
タレント	101652
タワー	101653
単一	101654
短歌	101655
担架	101656
短気	101657
団結	101658
探検	101659
断言	101660
短縮	101661
断然	101662
炭素	101663
短大	101664
単調	101665
単独	101666
旦那	101667
短波	101668
蛋白質	101669
ダンプ	101670
断面	101671
弾力	101672
治安	101673
チームワーク	101674
チェンジ	101675
違える	101676
畜産	101677
畜生	101678
蓄積	101679
地形	101680
知性	101681
乳	101682
縮まる	101683
秩序	101684
窒息	101685
知的	101686
着手	101687
着色	101688
着席	101689
着目	101690
着陸	101691
着工	101692
茶の間	101693
茶の湯	101694
ちやほや	101695
チャンネル	101696
宙返り	101697
中継	101698
忠告	101699
中傷	101700
中枢	101701
抽選	101702
中断	101703
中毒	101704
中腹	101705
中立	101706
中和	101707
～著	101708
腸	101709
蝶	101710
超	101711
調印	101712
聴覚	101713
長官	101714
聴講	101715
徴収	101716
聴診器	101717
調停	101718
重複	101719
長編	101720
重宝	101721
調理	101722
調和	101723
ちょくちょく	101724
直面	101725
著書	101726
貯蓄	101727
直感	101728
著名	101729
ちらっと	101730
塵取り	101731
賃金	101732
沈殿	101733
沈没	101734
沈黙	101735
陳列	101736
追及	101737
追跡	101738
追放	101739
費やす	101740
墜落	101741
痛感	101742
通常	101743
痛切	101744
杖	101745
使い道	101746
仕える	101747
司る	101748
つかの間	101749
月並	101750
継目	101751
尽きる	101752
尽くす	101753
つくづく	101754
作り	101755
繕う	101757
付け加える	101758
告げる	101759
つじつま (はなしの～)	101760
筒	101761
突っ突く	101762
謹む	101763
突っ張る	101764
務まる	101765
勤め先	101766
努めて	101767
津波	101768
つねる	101769
募る	101770
唾	101771
呟く	101772
つぶら	101773
つぶる (めを～)	101774
壷	101775
蕾	101776
連なる	101777
貫く	101778
連ねる	101779
釣り鐘	101780
吊り革	101781
手当	101782
定義	101783
提供	101784
提携	101785
体裁	101786
提示	101787
ティシュペーパー	101788
定食	101789
訂正	101790
停滞	101791
邸宅	101792
定年	101793
堤防	101794
手遅れ	101795
でかい	101796
手掛かり	101797
手掛ける	101798
手数	101799
手軽	101800
適応	101801
適宜	101802
適性	101803
できもの	101804
手際	101805
出くわす	101806
手順	101807
手錠	101808
デコレーション	101809
手近	101810
てっきり	101811
鉄鋼	101812
デッサン	101813
徹する	101814
てっぺん	101815
鉄棒	101816
出直し	101817
掌	101818
手配	101819
手筈	101820
手引	101821
手本	101822
手回し	101823
手元	101824
デモンストレーション	101825
照り返す	101826
テレックス	101827
手分け	101828
天	101829
田園	101830
天下	101831
転回	101832
連休	101833
レンジ	101834
連日	101835
連帯	101836
レンタカー	101837
連中	101838
レントゲン	101839
連邦	101840
連盟	101841
老衰	101842
朗読	101843
浪費	101844
労力	101845
ロープウエイ	101846
ロープ	101847
ろくな	101848
露骨	101849
ロマンチック	101850
論議	101851
論理	101852
惑星	101853
技	101854
わざわざ	101855
煩わしい	101856
渡り鳥	101857
ワット	101858
詫び	101859
和文	101860
藁	101861
～割	101862
割当	101863
割込む	101864
悪者	101865
捗る	101866
はかない	101867
ばかばかしい	101868
破棄	101869
剥ぐ	101870
迫害	101871
薄弱	101872
白状	101873
漠然	101874
爆弾	101875
爆破	101876
暴露	101877
励ます	101878
励む	101879
剥げる	101880
化ける	101881
派遣	101882
恥	101883
パジャマ	101884
恥じらう	101885
恥じる	101886
橋渡し	101887
弾む	101888
破損	101889
裸足	101890
果たす	101891
蜂蜜	101892
パチンコ	101893
罰	101894
発育	101895
発芽	101896
発掘	101897
発言	101898
バッジ	101899
発生	101900
仕立てる	101901
下取り	101902
下火	101903
実家	101904
失格	101905
質疑	101906
失脚	101907
実業家	101908
シック	101909
じっくり	101910
躾	101911
躾ける	101912
実践	101913
質素	101914
実態	101915
失調	101916
嫉妬	101917
実費	101918
指摘	101919
自転	101920
助動詞	101921
淑やか	101922
萎びる	101923
シナリオ	101924
しなやか	101925
屎尿	101926
地主	101927
凌ぐ	101928
芝	101929
始発	101930
耳鼻科	101931
私物	101932
しぶとい	101933
司法	101934
始末	101935
染みる	101936
使命	101937
地元	101938
視野	101939
弱	101940
社交	101941
ジャズ	101942
謝絶	101943
社宅	101944
若干	101945
三味線	101946
斜面	101947
砂利	101948
洒落る	101949
ジャンパー	101950
ジャンプ	101951
ジャンボ	101952
ジャンル	101953
私有	101954
～宗	101955
収益	101956
修学	101957
周期	101958
衆議院	101959
就業	101960
従業員	101961
集計	101962
襲撃	101963
収支	101964
終始	101965
修士	101966
従事	101967
終日	101968
充実	101969
収集	101970
十字路	101971
執着	101972
柔軟	101973
収容	101974
従来	101975
守衛	101976
主演	101977
主観	101978
修行	101979
塾	101980
祝賀	101981
宿命	101982
手芸	101983
主権	101984
主催	101985
取材	101986
趣旨	101987
種々	101988
主食	101989
主人公	101990
主体	101991
主題	101992
出演	101993
出血	101994
出現	101995
出産	101996
出社	101997
出生	101998
微量	101999
昼飯	102000
比例	102001
疲労	102002
敏感	102003
貧困	102004
品質	102005
貧弱	102006
品種	102007
ヒント	102008
頻繁	102009
貧乏	102010
ファイト	102011
ファイル	102012
ファン	102013
不意	102014
フィルタ	102015
封	102016
封鎖	102017
風車	102018
風習	102019
風俗	102020
ブーツ	102021
風土	102022
ブーム	102023
フォーム	102024
部下	102025
不可欠	102026
ぶかぶか	102027
不吉	102028
不況	102029
布巾	102030
複合	102031
福祉	102032
覆面	102033
膨れる	102034
不景気	102035
耽る	102036
老ける	102037
富豪	102038
布告	102039
ブザー	102040
負債	102041
不在	102042
ふさわしい	102043
不順	102044
負傷	102045
侮辱	102046
不審	102047
不振	102048
武装	102049
負担	102050
不調	102051
復活	102052
物議	102053
復旧	102054
復興	102055
物資	102056
仏像	102057
物体	102058
沸騰	102059
不当	102060
不動産	102061
無難	102062
赴任	102063
腐敗	102064
不評	102065
不服	102066
普遍	102067
踏まえる	102068
踏み込む	102069
不明	102070
部門	102071
扶養	102072
ふらふら	102073
ぶらぶら	102074
振り返る	102075
振り出し	102076
不良	102077
浮力	102078
武力	102079
ブル	102080
震わせる	102081
無礼	102082
付録	102083
フロント	102084
憤慨	102085
文化財	102086
分業	102087
文語	102088
分散	102089
分子	102090
紛失	102091
噴出	102092
文書	102093
紛争	102094
ふんだん	102095
分担	102096
奮闘	102097
分配	102098
分母	102099
粉末	102100
分離	102101
分裂	102102
ペア	102103
兵器	102104
閉口	102105
閉鎖	102106
兵士	102107
平常	102108
平方	102109
並列	102110
ベース	102111
辟易	102112
ぺこぺこ	102113
ベスト	102114
ベストセラー	102115
隔たる	102116
へりくだる	102117
弁解	102118
変革	102119
返還	102120
便宜	102121
偏見	102122
弁護	102123
返済	102124
弁償	102125
変遷	102126
返答	102127
変動	102128
弁論	102129
穂	102130
保育	102131
ボイコット	102132
ポイント	102133
法案	102134
防衛	102135
防火	102136
崩壊	102137
妨害	102138
法学	102139
封建	102140
豊作	102141
方策	102142
奉仕	102143
方式	102144
放射	102145
放射能	102146
報酬	102147
放出	102148
報じる	102149
報ずる	102150
紡績	102151
呆然	102152
放置	102153
膨張	102154
法廷	102155
報道	102156
冒頭	102157
暴動	102158
褒美	102159
暴風	102160
葬る	102161
放り込む	102162
放り出す	102163
暴力	102164
飽和	102165
ホース	102166
ポーズ	102167
ホール	102168
保温	102169
捕獲	102170
保管	102171
補給	102172
補強	102173
募金	102174
牧師	102175
捕鯨	102176
惚ける	102177
保険	102178
母校	102179
母国	102180
誇る	102181
綻びる	102182
干し～	102183
ポジション	102184
干し物	102185
保守	102186
補充	102187
補助	102188
舗装	102189
補足	102190
墓地	102191
発作	102192
没収	102193
発足	102194
ポット	102195
ほっぺた	102196
ぼつぼつ	102197
没落	102198
施す	102199
ほとり	102200
ぼやく	102201
ぼやける	102202
保養	102203
捕虜	102204
ボルト	102205
滅びる	102206
滅ぼす	102207
本格	102208
本館	102209
本気	102210
本国	102211
本質	102212
本体	102213
本音	102214
本能	102215
本場	102216
ポンプ	102217
本文	102218
本名	102219
マーク	102220
マイ～	102221
マイクロフォン	102222
埋蔵	102223
舞う	102224
真上	102225
前売	102226
前置き	102227
任す	102228
負かす	102229
賄う	102230
紛らわしい	102231
紛れる	102232
真心	102233
まごつく	102234
誠	102235
誠に	102236
まさしく	102237
勝る	102238
～増し	102239
交える	102240
真下	102241
まして	102242
交わる	102243
麻酔	102244
またがる (うまを～)	102245
待ち合わせ	102246
待ち遠しい	102247
待ち望む	102248
まちまち	102249
末期	102250
真っ二つ	102251
まと	102252
纏まり	102253
纏め	102254
免れる	102255
招き	102256
瞬き	102257
麻痺	102258
～まみれ	102259
眉	102260
鞠	102261
丸ごと	102262
まるっきり	102263
丸々	102264
丸める	102265
満月	102266
満場	102267
真ん前	102268
真ん丸い	102269
真ん円い	102270
見合い	102272
見合わせる	102273
見落とす	102274
未開	102275
味覚	102276
幹	102277
見苦しい	102278
見込み	102279
未婚	102280
未熟	102281
微塵	102282
水気	102283
ミスプリント	102284
みすぼらしい	102285
ミセス	102286
見せびらかす	102287
見せ物	102288
満たす	102289
乱す	102290
乱れる	102291
未知	102292
身近	102293
導く	102294
密集	102295
密接	102296
密度	102297
見積もり	102298
未定	102299
見通し	102300
見なす	102301
源	102302
見習う	102303
身なり	102304
峰	102305
身の上	102306
見逃す	102307
身の回り	102308
見計らう	102309
見晴らし	102310
身振り	102311
脈	102312
ミュージック	102313
未練	102314
見渡す	102315
民宿	102316
民族	102317
民俗	102318
無意味	102319
ムード	102320
無口	102321
婿	102322
無効	102323
無言	102324
無邪気	102325
むしる	102326
結び	102327
結び付き	102328
結び付く	102329
結び付ける	102330
無線	102331
無駄遣い	102332
無断	102333
無知	102334
無茶	102335
無茶苦茶	102336
空しい	102337
無念	102338
無能	102339
無闇に	102340
無用	102341
斑	102342
群がる	102343
無論	102344
名産	102345
名称	102346
命中	102347
明白	102348
名簿	102349
名誉	102350
明瞭	102351
明朗	102352
メーカー	102353
目方	102354
恵み	102355
恵む	102356
目覚しい	102357
目覚める	102358
召す	102359
雌	102360
目付き	102361
滅亡	102362
メディア	102363
目途	102364
目盛	102365
メロディー	102366
面会	102367
免除	102368
面する	102369
面目	102370
設ける	102372
申し入れる	102373
申込	102374
申出	102375
申し出る	102376
申し分	102377
盲点	102378
猛烈	102379
モーテル	102380
もがく	102381
目録	102382
目論見	102383
模型	102384
模索	102385
もしかして	102386
もしくは	102387
もたらす	102388
持ち切り	102389
専ら	102390
もてなす	102391
もてる	102392
モニター	102393
物好き	102394
物足りない	102395
もはや	102396
模範	102397
模倣	102398
もめる	102399
股	102400
腿	102401
催す	102402
漏らす	102403
盛り上がる	102404
漏る	102405
漏れる	102406
脆い	102407
もろに	102408
矢	102409
野外	102410
夜具	102412
役職	102413
役場	102414
やけに	102415
屋敷	102416
養う	102417
野心	102418
安っぽい	102419
休める	102420
野生	102421
奴	102422
闇	102423
病む	102424
ややこしい	102425
やりとおす	102426
やりとげる	102427
和らげる	102428
ヤング	102429
優位	102431
憂鬱	102432
有益	102433
優越	102434
勇敢	102435
夕暮れ	102436
融資	102437
有する	102438
優勢	102439
優先	102440
誘導	102441
融通	102442
優美	102443
有望	102444
遊牧	102445
夕焼け	102446
有力	102447
幽霊	102448
誘惑	102449
歪む	102451
揺さぶる	102452
ゆとり	102453
ユニーク	102454
ユニフォーム	102455
指差す	102456
弓	102457
揺らぐ	102458
緩む	102459
緩める	102460
緩やか	102461
要因	102462
溶液	102463
用件	102464
養護	102465
用紙	102466
様式	102467
要する	102468
要請	102469
様相	102470
用品	102471
洋風	102472
用法	102473
要望	102474
余暇	102475
予感	102476
余興	102477
預金	102478
欲	102479
抑圧	102480
浴室	102481
抑制	102482
欲深い	102483
欲望	102484
予言	102485
横綱	102486
汚れ	102487
よし (かん)	102488
良し	102489
善し悪し	102490
余所見	102491
余地	102492
よって (よりどころ)	102493
与党	102494
呼び止める	102495
夜更し	102496
夜更け	102497
余程	102498
読み上げる	102499
～寄り	102500
寄り掛かる	102501
弱る	102502
来場	102503
ライス	102504
酪農	102505
落下	102506
楽観	102507
ランプ	102508
濫用	102509
リード	102510
理屈	102511
利子	102512
利潤	102513
理性	102514
利息	102515
立体	102516
立方	102517
立法	102518
利点	102519
略奪	102520
略語	102521
流通	102522
領域	102523
了解	102524
領海	102525
両極	102526
良好	102527
良識	102528
良質	102529
了承	102530
良心	102531
領地	102532
領土	102533
両立	102534
旅客	102535
旅券	102536
履歴	102537
理論	102538
林業	102539
類	102540
類推	102541
類似	102542
ルーズ	102543
冷酷	102544
冷蔵	102545
冷淡	102546
レース	102547
レギュラー	102548
レッスン	102549
レディー	102550
レバー	102551
恋愛	102552
バッテリー	102553
バット	102554
発病	102555
初耳	102556
果て	102557
果てる	102558
ばてる	102559
パトカー	102560
甚だ	102561
華々しい	102562
花びら	102563
華やか	102564
阻む	102565
浜	102566
浜辺	102567
はまる	102568
早める	102569
腹立ち	102570
原っぱ	102571
はらはら	102572
ばらまく	102573
張り紙	102574
遥か	102575
破裂	102576
腫れる	102577
繁栄	102578
版画	102579
ハンガー	102580
反感	102581
反響	102582
パンク	102583
反撃	102584
判決	102585
反射	102586
繁盛	102587
繁殖	102588
反する	102589
判定	102590
万人	102591
晩年	102592
反応	102593
万能	102594
半端	102595
反発	102596
反乱	102597
氾濫	102598
美	102599
ひいては	102600
ビールス	102601
控室	102602
控える	102603
悲観	102604
引き上げる	102605
率いる	102606
引き起こす	102607
引下げる	102608
引きずる	102609
引取る	102610
否決	102611
日頃	102612
久しい	102613
悲惨	102614
ビジネス	102615
比重	102616
美術	102617
秘書	102618
微笑	102619
密か	102620
浸す	102621
ひたすら	102622
左利き	102623
引っ掻く	102624
必修	102625
びっしょり	102626
必然	102627
匹敵	102628
一息	102629
人影	102630
人柄	102631
一頃	102632
人質	102633
一筋	102634
人目	102635
日取り	102636
雛	102637
雛祭	102638
日向	102639
非難	102640
避難	102641
日の丸	102642
火花	102643
ひび (かべの～)	102644
悲鳴	102645
冷やかす	102646
日焼け	102647
標語	102648
描写	102649
ひょっと	102650
びら	102651
平たい	102652
びり	102653
比率	102654
明るい	102655
朝御飯	102656
あちら	102657
色々	102658
後ろ	102659
映画館	102660
大きな	102661
お菓子	102662
お金	102663
お酒	102664
お皿	102665
お茶	102666
お手洗い	102667
お風呂	102668
お弁当	102669
外国人	102670
～か月	102671
カップ	102672
火曜日	102673
カレー	102674
可愛い	102675
喫茶店	102676
牛肉	102677
着る	102678
金曜日	102679
下さい	102680
月曜日	102681
御飯	102682
コピーする	102683
今月	102684
今週	102685
今晩	102686
水曜日	102687
ストーブ	102688
ズボン	102689
先月	102690
先週	102691
大使館	102692
大好き	102693
～だけ	102694
食べ物	102695
誕生日	102696
小さな	102697
手紙	102698
十日	102699
図書館	102700
土曜日	102701
鶏肉	102702
夏休み	102703
日曜日	102704
飲み物	102705
パン	102706
晩御飯	102707
飛行機	102708
一月	102709
昼御飯	102710
豚肉	102711
ペット	102712
ペン	102713
本棚	102714
～枚	102715
毎朝	102716
毎月	102717
毎週	102718
毎日	102719
毎年	102720
毎晩	102721
皆さん	102722
木曜日	102723
夕飯	102724
郵便局	102725
昨夜	102726
ゆっくりと	102727
来月	102728
来週	102729
来年	102730
ラジオカセ	102731
留学生	102732
両親	102733
分かる	102734
渡る	102735
～区	102736
大学生	102737
運転手	102738
お宅	102739
～ございます	102740
課長	102741
人口	102742
中学校	102743
起こす	102744
パート (タイム)	102745
建て	102746
社長	102747
動物園	102748
決まる	102749
会議室	102750
けんかする	102751
ぶどう	102752
パパ	102753
～(て) しまう	102754
柔道	102755
事務所	102756
美術館	102757
お礼	102758
歯医者	102759
治る	102760
お祭り	102761
スクリーン	102762
けがする	102763
～ばかり	102764
ステーキ	102765
食料品	102766
ご主人	102767
公務員	102768
お土産	102769
お祝い	102770
乗り物	102771
今夜	102772
おつり	102773
チェックする	102774
ワープロ	102775
校長	102776
凄い	102777
パソコン	102778
部長	102779
一杯	102780
教育	102781
びっくりする	102782
レジ	102783
ハンバーグ	102784
遠く	102785
お金持ち	102786
～(に) よると	102787
駐車場	102788
天気予報	102789
ファックス	102790
見つける	102791
高校生	102792
昼休み	102793
お見舞い	102794
ご存じ	102795
字	102796
あ	102797
直る	102798
新聞社	102799
回る、回す	102800
スーパー (マーケット)	102801
研究室	102802
～(に) ついて	102803
両方	102804
役に立つ	102805
もうすぐ	102806
急	102807
嬉しい	102808
アルコール	102809
ソフト	102810
これから	102811
しまった (かん)	102812
すみません (かん)	102813
温まる	102814
お目に掛かる	102815
塵	102816
よろしく (かん)	102817
悪	102818
当り	102819
アップ	102820
宛てる	102821
アンケート	102822
異	102823
意	102824
医院	102825
怒り	102826
意地	102827
依然	102828
傷める	102829
炒める	102830
一帯	102831
異動	102832
衣料	102833
渦	102834
埋まる	102835
産む	102836
尾	102837
負う	102838
遅れ	102839
教え	102840
驚き	102841
織る	102842
欠く	102843
核	102844
格	102845
学歴	102846
駆ける	102847
賭ける	102848
課題	102849
片付け	102850
加味	102851
借り	102852
狩り	102853
～観	102854
癌	102855
刊行	102856
慣行	102857
歓声	102858
官僚	102859
季刊	102860
起源	102861
機構	102862
築く	102863
規制	102864
丘陵	102865
協議	102866
享受	102867
協調	102868
切り	102869
菌	102870
近視	102871
苦	102872
群	102873
刑	102874
経緯	102875
計器	102876
契機	102877
携帯	102878
形態	102879
血管	102880
決行	102881
件	102882
減少	102883
公演	102884
後悔	102885
航海	102886
拘束	102887
荒廃	102888
降伏	102889
興奮	102890
語句	102891
個々	102892
故人	102893
小銭	102894
ことによると	102895
コンテスト	102896
採集	102897
作	102898
策	102899
はあ (かん)	102900
柵	102901
裂ける	102902
裁く	102903
酸化	102904
死	102905
資格	102906
視覚	102907
指揮	102908
磁気	102909
磁器	102910
自己	102911
字体	102912
辞退	102913
視点	102914
脂肪	102915
志望	102916
衆	102917
住	102918
修飾	102919
私用	102920
仕様	102921
情	102922
生涯	102923
上司	102924
正体	102925
照明	102926
女史	102927
助詞	102928
ショック	102929
進行	102930
新興	102931
振興	102932
申告	102933
真理	102934
水洗	102935
ストレス	102936
正規	102937
精巧	102938
精算	102939
成年	102940
声明	102941
姓名	102942
生理	102943
膳	102944
禅	102945
選挙	102946
先行	102947
選考	102948
相	102949
沿う	102950
添う	102951
僧	102952
像	102953
捜査	102954
操縦	102955
創造	102956
隊	102957
退学	102958
タイトル	102959
ダウン	102960
高まる	102961
断つ	102962
盾	102963
例え	102964
チャイム	102965
挑戦	102966
治療	102967
接ぐ	102968
継ぐ	102969
摘む	102970
露	102971
強まる	102972
強める	102973
データ	102974
デザイン	102975
デザート	102976
転校	102977
伝言	102978
問う	102979
棟	102980
倒産	102981
同士	102982
同志	102983
当然	102984
動揺	102985
説く	102986
綴じる	102987
供	102988
並	102989
慣らす	102990
馴らす	102991
難	102992
年鑑	102993
脳	102994
臨む	102995
肺	102996
～敗	102997
映える	102998
諮る	102999
図る	103000
生やす	103001
班	103002
判	103003
版	103004
碑	103005
非行	103006
票	103007
広まる	103008
深める	103009
福	103010
経る	103011
保護	103012
補償	103013
ほっと	103014
前もって	103015
膜	103016
マスコミ	103017
マッサージ	103018
見掛ける	103019
捲る	103020
メッセージ	103021
野党	103022
優	103023
有機	103024
世	103025
予想	103026
弱まる	103027
弱める	103028
ラベル	103029
ルール	103030
枠	103031
表示	103032
〜 (まる) ごと	103033
(かさを～) さす	103034
〜(日本) 式	103035
～いち (にほんいち)	103036
～おしまい (おわり)	103037
～系	103038
～圏	103039
～条	103040
～艘	103041
～滴	103042
～ほう (ひかく)	103043
呆れる	103044
朝寝坊	103045
行っていらっしゃい	103046
行ってらっしゃい	103047
お気の毒に	103048
お元気で	103049
押さえる	103050
思いっきり	103051
かび (～がはえる)	103052
構いません	103053
下品(な)	103054
こうよう もみじ	103055
ご苦労様	103056
御免	103057
逆様	103058
先程	103059
しいんと (する)	103060
塩辛	103061
しかく しかくい	103062
しつれいしました (かん)	103063
締め切り	103064
しめた (かん)	103065
じゅうたん (カーペット)	103066
しわ (かおの～)	103067
率直	103068
その他	103069
それはいけませんね (かん)	103070
だいいち (とりわけ)	103071
躓く	103072
手ごろ	103073
どういたしまして (かん)	103074
何しろ	103075
生意気な	103076
何とも	103077
はい (かん)	103078
引き返す	103079
引っ越し	103080
日にち	103081
付属	103082
朗らか(な)	103083
跨ぐ	103084
惨めな	103085
ミリ (メートル)	103086
割合に	103087
温かい	103088
傾らか	103089
思いっ切り	103090
目覚し	103091
曲る	103092
